{"cameraMode":{"drawMode":0,"name":"Shaded","section":"Shading Mode"},"sceneLighting":true,"audioPlay":false,"sceneViewState":{"showFog":true,"showMaterialUpdate":false,"showSkybox":true,"showFlares":true,"showImageEffects":true,"showParticleSystems":true},"in2DMode":false,"pivot":{"x":9.949999809265137,"y":-0.5,"z":20.579999923706056},"rotation":{"x":0.03328264132142067,"y":-0.03597906976938248,"z":0.0012053848477080465,"w":0.9988555908203125},"size":14.584373474121094,"orthographic":false}